Year,Annual Precipitation (mm)
2001,2146.1875
2002,2844.45654296875
2003,2147.0869140625
2004,1966.36962890625
2005,2083.01611328125
2006,2429.5537109375
2007,2246.634765625
2008,2373.48828125
2009,3338.41748046875
2010,2408.133056640625
2011,3381.302978515625
2012,3970.492431640625
2013,3446.936767578125
2014,2341.446533203125
2015,2261.764404296875
2016,2345.593017578125
2017,2563.565673828125
2018,3011.5009765625
2019,2150.875732421875
2020,2241.6298828125
